Player,Pos,Team,PassingAtt,Completions,PassingYds,PassingTD,Interceptions,RushingAtt,RushingYds,RushingTD,Receptions,ReceivingYds,ReceivingTD,FumblesLost,FantasyPoints
Jalen Hurts,QB,PHI,504.20,327.00,3729.00,25.00,14.10,135.30,562.30,11.50,0.00,0.00,0.00,4.20,0.00
Josh Allen,QB,BUF,528.40,345.60,3783.40,27.00,14.20,109.40,564.00,9.30,0.00,0.00,0.00,4.00,0.00
Patrick Mahomes II,QB,KC,581.70,391.70,4282.50,32.60,11.50,69.60,379.30,1.00,0.00,0.00,0.00,2.70,0.00
Lamar Jackson,QB,BAL,458.00,299.00,3512.70,25.60,12.10,124.20,738.30,4.90,0.00,0.00,0.00,4.60,0.00
Dak Prescott,QB,DAL,563.80,381.50,4161.20,30.30,13.60,53.40,229.00,2.00,0.00,0.00,0.00,2.70,0.00
Joe Burrow,QB,CIN,575.60,388.30,4212.40,29.80,12.20,51.50,161.70,2.30,0.00,0.00,0.00,2.60,0.00
C.J. Stroud,QB,HOU,535.10,347.20,4132.00,28.90,9.90,42.80,171.80,2.80,0.00,0.00,0.00,4.00,0.00
Jordan Love,QB,GB,516.30,336.10,3821.20,30.60,11.80,47.90,197.50,2.80,0.00,0.00,0.00,3.00,0.00
Anthony Richardson,QB,IND,498.50,316.60,3493.30,19.80,11.40,117.70,538.40,6.90,0.00,0.00,0.00,5.50,0.00
Kyler Murray,QB,ARI,534.90,357.70,3590.60,22.70,12.80,85.30,462.20,4.60,0.00,0.00,0.00,2.30,0.00
Brock Purdy,QB,SF,473.30,320.10,4056.30,28.60,10.40,45.40,165.20,2.20,0.00,0.00,0.00,2.50,0.00
Jayden Daniels,QB,WAS,530.90,332.40,3539.20,21.50,16.80,108.90,573.70,4.60,0.00,0.00,0.00,4.10,0.00
Justin Herbert,QB,LAC,534.10,348.60,3794.10,26.50,9.40,62.30,263.10,2.70,0.00,0.00,0.00,2.50,0.00
Trevor Lawrence,QB,JAC,548.80,364.50,3872.80,24.20,12.70,64.20,295.00,4.10,0.00,0.00,0.00,5.20,0.00
Caleb Williams,QB,CHI,518.80,334.60,3595.80,25.50,15.10,72.80,359.10,3.60,0.00,0.00,0.00,4.50,0.00
Deshaun Watson,QB,CLE,535.90,327.20,3823.70,23.80,14.80,69.50,349.50,2.30,0.00,0.00,0.00,4.20,0.00
Kirk Cousins,QB,ATL,525.30,344.30,4017.20,27.40,9.10,35.40,114.10,1.80,0.00,0.00,0.00,5.30,0.00
Baker Mayfield,QB,TB,556.00,352.20,3964.20,26.40,12.00,51.70,156.40,1.10,0.00,0.00,0.00,3.40,0.00
Jared Goff,QB,DET,546.50,373.10,4088.50,26.60,10.10,32.50,46.30,1.40,0.00,0.00,0.00,3.20,0.00
Tua Tagovailoa,QB,MIA,523.60,357.20,4165.10,25.90,13.00,37.00,103.60,0.50,0.00,0.00,0.00,4.20,0.00
Aaron Rodgers,QB,NYJ,538.60,352.40,3761.60,25.80,9.50,31.10,92.10,2.00,0.00,0.00,0.00,2.50,0.00
Matthew Stafford,QB,LAR,545.80,349.20,4101.30,25.60,13.20,25.30,66.00,0.50,0.00,0.00,0.00,1.70,0.00
Geno Smith,QB,SEA,503.80,334.40,3646.60,24.40,12.10,45.60,205.40,1.70,0.00,0.00,0.00,3.10,0.00
Derek Carr,QB,NO,535.50,356.80,3871.30,26.90,11.10,31.50,71.30,0.30,0.00,0.00,0.00,3.40,0.00
Daniel Jones,QB,NYG,486.30,313.70,3198.00,17.00,12.80,98.80,522.10,3.50,0.00,0.00,0.00,3.90,0.00
Will Levis,QB,TEN,498.30,318.10,3578.10,19.80,13.90,49.00,171.70,2.00,0.00,0.00,0.00,4.80,0.00
J.J. McCarthy,QB,MIN,483.70,310.30,3370.60,19.70,13.20,38.70,186.60,1.50,0.00,0.00,0.00,2.40,0.00
Bryce Young,QB,CAR,514.40,318.10,3284.60,20.10,11.80,42.00,248.80,0.90,0.00,0.00,0.00,3.70,0.00
Russell Wilson,QB,PIT,414.80,261.80,2877.20,16.90,9.60,64.50,283.00,3.50,0.00,0.00,0.00,3.70,0.00
Bo Nix,QB,DEN,443.00,278.90,2908.90,18.70,11.40,48.20,202.70,1.40,0.00,0.00,0.00,3.30,0.00
Drake Maye,QB,NE,421.90,268.50,2737.20,14.80,13.70,52.20,241.80,1.80,0.00,0.00,0.00,2.50,0.00
Gardner Minshew II,QB,LV,350.60,219.90,2384.10,13.20,9.40,25.60,78.30,1.30,0.00,0.00,0.00,2.80,0.00
Aidan O'Connell,QB,LV,204.70,129.20,1399.30,7.30,5.20,16.10,41.20,0.70,0.00,0.00,0.00,1.40,0.00
Taysom Hill,QB,NO,5.00,4.00,38.00,0.00,0.00,80.00,406.00,6.00,0.00,0.00,0.00,1.00,0.00
Justin Fields,QB,PIT,98.40,60.50,664.80,3.80,2.70,36.30,192.10,1.10,0.00,0.00,0.00,1.30,0.00
Sam Darnold,QB,MIN,128.80,81.90,881.60,5.50,3.50,9.60,28.00,0.30,0.00,0.00,0.00,0.60,0.00
Jacoby Brissett,QB,NE,128.30,82.50,826.10,4.80,4.30,11.90,50.40,0.20,0.00,0.00,0.00,0.80,0.00
Jarrett Stidham,QB,DEN,101.10,63.90,681.60,4.30,3.00,12.70,47.20,0.20,0.00,0.00,0.00,0.90,0.00
Sean Clifford,QB,GB,66.40,42.10,463.80,3.50,1.70,7.00,26.50,0.20,0.00,0.00,0.00,0.50,0.00
Case Keenum,QB,HOU,71.70,44.50,474.40,3.70,1.80,5.90,19.40,0.20,0.00,0.00,0.00,0.60,0.00
Hendon Hooker,QB,DET,68.20,44.30,463.00,2.90,1.70,6.10,25.70,0.30,0.00,0.00,0.00,0.50,0.00
Sam Howell,QB,SEA,61.60,40.00,435.70,2.70,1.90,7.50,36.60,0.40,0.00,0.00,0.00,0.30,0.00
Mason Rudolph,QB,TEN,75.00,45.90,489.90,2.40,1.80,6.50,22.60,0.20,0.00,0.00,0.00,0.60,0.00
Nathan Peterman,QB,NO,65.50,40.50,428.10,2.90,1.80,5.90,24.30,0.20,0.00,0.00,0.00,0.50,0.00
Drew Lock,QB,NYG,65.50,40.80,452.30,2.20,2.00,6.90,28.90,0.30,0.00,0.00,0.00,0.30,0.00
Jake Browning,QB,CIN,47.80,31.00,336.60,2.30,1.50,5.40,25.50,0.30,0.00,0.00,0.00,0.20,0.00
Carson Wentz,QB,KC,48.60,30.80,326.90,2.60,1.40,5.20,22.50,0.20,0.00,0.00,0.00,0.30,0.00
Mitchell Trubisky,QB,BUF,45.70,29.70,308.20,2.00,1.40,8.00,31.10,0.50,0.00,0.00,0.00,0.20,0.00
Joshua Dobbs,QB,SF,40.60,26.90,305.00,2.20,0.80,6.00,28.70,0.30,0.00,0.00,0.00,0.40,0.00
Cooper Rush,QB,DAL,48.20,30.50,337.90,2.40,1.40,5.70,10.00,0.10,0.00,0.00,0.00,0.30,0.00
Marcus Mariota,QB,WAS,46.80,29.10,319.70,1.50,1.50,8.30,44.10,0.30,0.00,0.00,0.00,0.40,0.00
Jimmy Garoppolo,QB,LAR,44.30,29.20,345.10,2.30,1.40,3.70,12.20,0.10,0.00,0.00,0.00,0.20,0.00
Tyson Bagent,QB,CHI,45.30,29.60,315.70,2.00,1.40,5.80,25.70,0.20,0.00,0.00,0.00,0.30,0.00
Josh Johnson,QB,BAL,42.70,26.70,293.60,1.90,1.40,8.80,37.00,0.30,0.00,0.00,0.00,0.30,0.00
Tyrod Taylor,QB,NYJ,45.30,28.30,296.80,2.20,0.90,5.70,26.90,0.10,0.00,0.00,0.00,0.30,0.00
Kenny Pickett,QB,PHI,43.80,28.60,309.50,2.00,1.20,7.10,24.80,0.20,0.00,0.00,0.00,0.20,0.00
Mac Jones,QB,JAC,46.60,31.40,335.00,2.00,1.40,5.40,18.60,0.10,0.00,0.00,0.00,0.20,0.00
Easton Stick,QB,LAC,43.30,26.40,286.90,2.00,0.80,6.10,30.20,0.10,0.00,0.00,0.00,0.30,0.00
Michael Penix Jr.,QB,ATL,42.50,26.50,297.90,2.30,0.90,3.40,12.60,0.10,0.00,0.00,0.00,0.30,0.00
Jameis Winston,QB,CLE,46.60,27.90,317.50,1.70,1.40,6.50,23.10,0.10,0.00,0.00,0.00,0.20,0.00
Kyle Trask,QB,TB,44.70,26.90,286.90,2.10,0.90,5.50,15.20,0.10,0.00,0.00,0.00,0.30,0.00
Andy Dalton,QB,CAR,45.40,29.10,304.10,1.80,0.90,4.70,18.60,0.10,0.00,0.00,0.00,0.20,0.00
Desmond Ridder,QB,ARI,46.80,30.40,319.60,1.60,1.30,5.70,24.30,0.30,0.00,0.00,0.00,0.90,0.00
Mike White,QB,MIA,47.20,30.10,328.70,1.70,1.60,4.20,7.80,0.10,0.00,0.00,0.00,0.20,0.00
Joe Flacco,QB,IND,42.80,26.50,290.50,1.60,0.80,5.00,19.10,0.10,0.00,0.00,0.00,0.80,0.00
Davis Mills,QB,HOU,22.00,13.00,156.00,1.00,0.00,4.00,14.00,0.00,0.00,0.00,0.00,0.00,0.00
Trey Lance,QB,DAL,24.00,15.00,159.00,1.00,1.00,5.00,18.00,0.00,0.00,0.00,0.00,0.00,0.00
Gavin Hardison,QB,MIA,16.00,11.00,129.00,1.00,0.00,2.00,9.00,0.00,0.00,0.00,0.00,0.00,0.00
Michael Pratt,QB,GB,16.00,11.00,121.00,1.00,0.00,2.00,8.00,0.00,0.00,0.00,0.00,0.00,0.00
Spencer Rattler,QB,NO,17.00,11.00,120.00,1.00,0.00,2.00,8.00,0.00,0.00,0.00,0.00,0.00,0.00
Carter Bradley,QB,LV,16.00,10.00,106.00,1.00,0.00,2.00,7.00,0.00,0.00,0.00,0.00,0.00,0.00
Nathan Rourke,QB,NYG,15.00,10.00,96.00,1.00,0.00,2.00,8.00,0.00,0.00,0.00,0.00,0.00,0.00
Malik Cunningham,QB,BAL,0.00,0.00,0.00,0.00,0.00,1.00,5.00,0.00,0.00,0.00,0.00,0.00,0.00
Christian McCaffrey,RB,SF,0.00,0.00,0.00,0.00,0.00,262.00,1251.20,11.50,69.60,570.40,5.40,1.60,0.00
Breece Hall,RB,NYJ,0.00,0.00,0.00,0.00,0.00,233.10,1019.70,8.40,72.70,608.50,5.80,1.10,0.00
Saquon Barkley,RB,PHI,0.00,0.00,0.00,0.00,0.00,266.10,1119.20,10.90,48.90,373.40,4.20,1.50,0.00
Bijan Robinson,RB,ATL,0.00,0.00,0.00,0.00,0.00,211.10,988.20,6.10,65.30,574.10,6.10,2.30,0.00
Kyren Williams,RB,LAR,0.00,0.00,0.00,0.00,0.00,252.40,1169.50,11.30,34.80,258.30,2.40,1.60,0.00
Jonathan Taylor,RB,IND,0.00,0.00,0.00,0.00,0.00,269.50,1220.50,10.30,36.60,288.60,1.70,1.10,0.00
Derrick Henry,RB,BAL,0.00,0.00,0.00,0.00,0.00,258.20,1182.30,11.80,26.10,226.40,0.60,0.90,0.00
Isiah Pacheco,RB,KC,0.00,0.00,0.00,0.00,0.00,226.20,999.80,9.60,44.80,274.70,2.00,1.60,0.00
Joe Mixon,RB,HOU,0.00,0.00,0.00,0.00,0.00,244.60,940.00,8.60,42.70,329.00,2.90,0.80,0.00
Travis Etienne Jr.,RB,JAC,0.00,0.00,0.00,0.00,0.00,236.10,931.10,9.00,48.30,384.80,1.10,0.90,0.00
Josh Jacobs,RB,GB,0.00,0.00,0.00,0.00,0.00,267.80,1075.40,9.50,35.90,287.20,0.70,1.10,0.00
Jahmyr Gibbs,RB,DET,0.00,0.00,0.00,0.00,0.00,181.80,860.00,8.60,56.80,397.10,1.70,1.60,0.00
De'Von Achane,RB,MIA,0.00,0.00,0.00,0.00,0.00,160.20,867.70,7.90,44.90,352.20,3.70,0.90,0.00
Rachaad White,RB,TB,0.00,0.00,0.00,0.00,0.00,218.90,869.20,7.20,53.70,421.90,2.40,1.60,0.00
Alvin Kamara,RB,NO,0.00,0.00,0.00,0.00,0.00,191.90,761.20,6.00,72.10,513.90,1.90,0.90,0.00
James Cook,RB,BUF,0.00,0.00,0.00,0.00,0.00,239.30,1063.40,4.70,44.90,388.60,2.70,1.60,0.00
Kenneth Walker III,RB,SEA,0.00,0.00,0.00,0.00,0.00,226.50,935.30,10.20,30.00,237.40,0.90,0.90,0.00
Aaron Jones,RB,MIN,0.00,0.00,0.00,0.00,0.00,176.90,839.90,5.50,48.70,373.10,2.00,1.00,0.00
Raheem Mostert,RB,MIA,0.00,0.00,0.00,0.00,0.00,175.10,817.40,9.90,25.60,175.60,2.10,1.00,0.00
James Conner,RB,ARI,0.00,0.00,0.00,0.00,0.00,195.40,888.20,6.90,35.10,236.70,2.00,0.80,0.00
David Montgomery,RB,DET,0.00,0.00,0.00,0.00,0.00,208.10,891.60,9.80,22.90,172.80,0.40,0.90,0.00
Zamir White,RB,LV,0.00,0.00,0.00,0.00,0.00,231.00,1050.20,5.00,34.20,238.90,0.40,1.50,0.00
Nick Chubb,RB,CLE,0.00,0.00,0.00,0.00,0.00,211.50,956.90,6.00,27.60,224.00,0.80,0.80,0.00
Najee Harris,RB,PIT,0.00,0.00,0.00,0.00,0.00,228.10,926.10,6.90,28.00,175.90,1.10,0.90,0.00
D'Andre Swift,RB,CHI,0.00,0.00,0.00,0.00,0.00,190.10,870.20,4.50,39.40,266.60,1.70,1.00,0.00
Brian Robinson Jr.,RB,WAS,0.00,0.00,0.00,0.00,0.00,188.90,787.80,5.40,31.60,286.50,2.60,1.70,0.00
Rhamondre Stevenson,RB,NE,0.00,0.00,0.00,0.00,0.00,194.30,783.90,5.50,46.00,318.40,0.50,1.00,0.00
Austin Ekeler,RB,WAS,0.00,0.00,0.00,0.00,0.00,126.70,525.80,5.70,49.90,432.50,2.60,2.00,0.00
Zack Moss,RB,CIN,0.00,0.00,0.00,0.00,0.00,174.30,758.80,6.40,32.00,220.60,2.00,0.80,0.00
Jonathon Brooks,RB,CAR,0.00,0.00,0.00,0.00,0.00,196.40,840.20,5.70,28.80,227.50,1.10,1.90,0.00
J.K. Dobbins,RB,LAC,0.00,0.00,0.00,0.00,0.00,145.30,669.30,5.00,33.70,258.90,3.10,0.90,0.00
Tony Pollard,RB,TEN,0.00,0.00,0.00,0.00,0.00,196.20,809.80,5.70,33.80,219.30,0.50,0.90,0.00
Javonte Williams,RB,DEN,0.00,0.00,0.00,0.00,0.00,191.40,750.70,4.10,43.60,247.20,1.60,0.90,0.00
Jaylen Warren,RB,PIT,0.00,0.00,0.00,0.00,0.00,129.80,655.60,3.60,52.60,355.20,1.20,1.60,0.00
Devin Singletary,RB,NYG,0.00,0.00,0.00,0.00,0.00,192.30,835.30,4.80,33.20,197.10,0.30,0.90,0.00
Ezekiel Elliott,RB,DAL,0.00,0.00,0.00,0.00,0.00,175.50,656.40,5.70,35.10,235.60,1.50,0.90,0.00
Gus Edwards,RB,LAC,0.00,0.00,0.00,0.00,0.00,177.00,702.40,7.90,16.00,162.00,0.30,1.50,0.00
Tyjae Spears,RB,TEN,0.00,0.00,0.00,0.00,0.00,129.60,560.50,3.00,46.30,363.10,1.40,0.80,0.00
Chase Brown,RB,CIN,0.00,0.00,0.00,0.00,0.00,115.80,526.10,3.00,37.50,354.40,2.20,0.80,0.00
Tyler Allgeier,RB,ATL,0.00,0.00,0.00,0.00,0.00,146.30,596.40,4.50,23.10,204.00,1.50,0.70,0.00
Antonio Gibson,RB,NE,0.00,0.00,0.00,0.00,0.00,121.50,475.70,2.40,46.80,347.40,1.60,1.60,0.00
Jerome Ford,RB,CLE,0.00,0.00,0.00,0.00,0.00,127.30,511.20,3.00,30.30,217.00,2.40,0.70,0.00
Ty Chandler,RB,MIN,0.00,0.00,0.00,0.00,0.00,134.50,590.80,5.20,22.20,161.10,0.30,0.70,0.00
Trey Benson,RB,ARI,0.00,0.00,0.00,0.00,0.00,135.60,623.40,4.50,17.80,137.50,0.90,1.80,0.00
Zach Charbonnet,RB,SEA,0.00,0.00,0.00,0.00,0.00,114.20,482.90,2.70,33.90,224.50,0.50,0.70,0.00
Clyde Edwards-Helaire,RB,KC,0.00,0.00,0.00,0.00,0.00,93.70,379.90,2.70,27.50,242.50,2.00,0.70,0.00
Jaleel McLaughlin,RB,DEN,0.00,0.00,0.00,0.00,0.00,99.40,503.60,2.20,28.80,175.50,1.50,0.60,0.00
Rico Dowdle,RB,DAL,0.00,0.00,0.00,0.00,0.00,138.40,549.50,3.70,16.60,132.10,0.90,0.60,0.00
Blake Corum,RB,LAR,0.00,0.00,0.00,0.00,0.00,126.20,540.00,4.20,15.40,130.50,0.80,1.30,0.00
Chuba Hubbard,RB,CAR,0.00,0.00,0.00,0.00,0.00,122.00,473.80,3.60,24.70,162.70,0.20,0.70,0.00
Kendre Miller,RB,NO,0.00,0.00,0.00,0.00,0.00,97.20,382.10,2.90,23.80,213.90,1.20,0.70,0.00
D'Onta Foreman,RB,CLE,0.00,0.00,0.00,0.00,0.00,124.00,487.80,3.50,11.40,97.20,1.10,0.60,0.00
Khalil Herbert,RB,CHI,0.00,0.00,0.00,0.00,0.00,112.30,497.10,2.70,18.10,122.90,0.80,0.70,0.00
Samaje Perine,RB,DEN,0.00,0.00,0.00,0.00,0.00,67.40,302.20,1.70,34.50,273.80,0.90,1.80,0.00
Jaylen Wright,RB,MIA,0.00,0.00,0.00,0.00,0.00,84.50,390.10,3.70,15.30,140.70,0.70,1.10,0.00
MarShawn Lloyd,RB,GB,0.00,0.00,0.00,0.00,0.00,93.30,393.70,3.00,18.20,149.30,1.10,1.20,0.00
Kenneth Gainwell,RB,PHI,0.00,0.00,0.00,0.00,0.00,87.60,372.50,3.00,24.40,166.40,0.20,1.30,0.00
Alexander Mattison,RB,LV,0.00,0.00,0.00,0.00,0.00,107.80,423.30,2.50,16.40,107.90,1.30,0.80,0.00
Tyrone Tracy Jr.,RB,NYG,0.00,0.00,0.00,0.00,0.00,108.00,455.90,2.80,14.10,110.50,0.70,1.70,0.00
Braelon Allen,RB,NYJ,0.00,0.00,0.00,0.00,0.00,99.70,413.50,3.30,13.00,105.50,0.80,1.20,0.00
Roschon Johnson,RB,CHI,0.00,0.00,0.00,0.00,0.00,80.10,339.00,2.70,25.40,159.90,0.30,0.20,0.00
Bucky Irving,RB,TB,0.00,0.00,0.00,0.00,0.00,101.90,397.40,2.90,15.00,133.20,0.70,1.20,0.00
Miles Sanders,RB,CAR,0.00,0.00,0.00,0.00,0.00,102.20,405.30,2.20,22.00,134.10,0.10,1.20,0.00
Elijah Mitchell,RB,SF,0.00,0.00,0.00,0.00,0.00,96.80,389.30,3.50,11.30,66.20,0.20,0.10,0.00
Justice Hill,RB,BAL,0.00,0.00,0.00,0.00,0.00,78.90,361.90,2.40,16.60,124.40,0.30,1.20,0.00
Keaton Mitchell,RB,BAL,0.00,0.00,0.00,0.00,0.00,69.60,383.90,2.70,9.60,85.60,0.30,0.60,0.00
Jamaal Williams,RB,NO,0.00,0.00,0.00,0.00,0.00,100.50,354.80,2.50,18.50,93.20,0.20,0.70,0.00
Chase Edmonds,RB,TB,0.00,0.00,0.00,0.00,0.00,71.80,288.00,1.50,19.40,131.60,0.40,0.10,0.00
Eric Gray,RB,NYG,0.00,0.00,0.00,0.00,0.00,53.20,225.70,1.60,17.80,120.10,0.60,0.30,0.00
Tank Bigsby,RB,JAC,0.00,0.00,0.00,0.00,0.00,92.40,300.90,3.80,7.00,47.50,0.30,3.30,0.00
Trey Sermon,RB,IND,0.00,0.00,0.00,0.00,0.00,76.40,328.20,2.00,8.70,58.80,0.20,0.30,0.00
AJ Dillon,RB,GB,0.00,0.00,0.00,0.00,0.00,69.20,249.10,1.70,13.20,122.00,0.10,0.10,0.00
Ty Johnson,RB,BUF,0.00,0.00,0.00,0.00,0.00,45.30,194.00,1.40,15.10,143.90,0.50,0.30,0.00
Isaiah Davis,RB,NYJ,0.00,0.00,0.00,0.00,0.00,65.40,275.60,1.70,8.90,62.90,0.40,0.30,0.00
Dameon Pierce,RB,HOU,0.00,0.00,0.00,0.00,0.00,74.20,259.10,1.90,9.80,71.20,0.10,0.20,0.00
Ray Davis,RB,BUF,0.00,0.00,0.00,0.00,0.00,60.20,254.80,1.70,7.40,58.60,0.30,0.20,0.00
Ameer Abdullah,RB,LV,0.00,0.00,0.00,0.00,0.00,35.90,163.40,0.30,19.40,143.00,0.30,0.10,0.00
D'Ernest Johnson,RB,JAC,0.00,0.00,0.00,0.00,0.00,54.60,242.20,1.30,8.80,62.40,0.20,0.20,0.00
Kyle Juszczyk,RB,SF,0.00,0.00,0.00,0.00,0.00,5.90,20.40,0.10,20.30,193.70,1.50,0.00,0.00
Audric Estime,RB,DEN,0.00,0.00,0.00,0.00,0.00,46.50,194.30,1.10,6.50,56.10,0.60,0.50,0.00
Emari Demercado,RB,ARI,0.00,0.00,0.00,0.00,0.00,34.20,148.40,1.30,13.00,81.20,0.10,0.00,0.00
Nyheim Hines,RB,CLE,0.00,0.00,0.00,0.00,0.00,28.90,102.70,0.90,15.30,115.80,0.40,0.10,0.00
Deuce Vaughn,RB,DAL,0.00,0.00,0.00,0.00,0.00,43.60,159.50,0.90,11.60,87.40,0.30,0.60,0.00
Andrew Beck,RB,HOU,0.00,0.00,0.00,0.00,0.00,4.50,9.90,1.10,13.70,123.10,2.10,1.50,0.00
Trayveon Williams,RB,CIN,0.00,0.00,0.00,0.00,0.00,38.50,168.00,1.30,9.20,59.40,0.30,0.20,0.00
Jeremy McNichols,RB,WAS,0.00,0.00,0.00,0.00,0.00,26.00,107.00,0.00,14.00,116.00,1.00,0.00,0.00
Michael Carter,RB,ARI,0.00,0.00,0.00,0.00,0.00,34.40,153.90,1.00,10.60,67.90,0.20,0.10,0.00
Chris Rodriguez Jr.,RB,WAS,0.00,0.00,0.00,0.00,0.00,26.80,116.10,0.80,12.10,85.60,0.40,0.20,0.00
Evan Hull,RB,IND,0.00,0.00,0.00,0.00,0.00,27.00,115.20,0.80,11.40,80.10,0.40,0.20,0.00
Will Shipley,RB,PHI,0.00,0.00,0.00,0.00,0.00,35.40,150.20,1.40,4.90,40.00,0.20,0.10,0.00
Kendall Milton,RB,PHI,0.00,0.00,0.00,0.00,0.00,34.00,142.00,2.00,2.00,24.00,0.00,0.00,0.00
Jordan Mason,RB,SF,0.00,0.00,0.00,0.00,0.00,34.70,163.40,1.70,2.40,15.90,0.10,0.10,0.00
Cordarrelle Patterson,RB,PIT,0.00,0.00,0.00,0.00,0.00,29.60,124.70,1.00,7.30,54.10,0.30,0.20,0.00
Tyler Goodson,RB,IND,0.00,0.00,0.00,0.00,0.00,34.00,170.00,1.00,5.00,32.00,0.00,0.00,0.00
Ronnie Rivers,RB,LAR,0.00,0.00,0.00,0.00,0.00,37.70,153.50,0.90,6.20,46.10,0.10,0.00,0.00
Craig Reynolds,RB,DET,0.00,0.00,0.00,0.00,0.00,33.40,140.30,1.10,5.10,43.60,0.10,0.10,0.00
Kenny McIntosh,RB,SEA,0.00,0.00,0.00,0.00,0.00,27.40,114.50,0.80,8.30,58.20,0.30,0.20,0.00
Isaiah Spiller,RB,LAC,0.00,0.00,0.00,0.00,0.00,45.90,162.50,0.90,5.10,30.10,0.10,0.10,0.00
Julius Chestnut,RB,TEN,0.00,0.00,0.00,0.00,0.00,26.30,110.30,0.80,8.80,61.40,0.30,0.20,0.00
Rasheen Ali,RB,BAL,0.00,0.00,0.00,0.00,0.00,26.40,125.90,1.20,3.80,31.80,0.10,0.00,0.00
Jase McClellan,RB,ATL,0.00,0.00,0.00,0.00,0.00,33.00,142.00,1.00,3.20,28.20,0.10,0.10,0.00
Pierre Strong Jr.,RB,CLE,0.00,0.00,0.00,0.00,0.00,35.00,173.00,1.00,1.00,8.00,0.00,0.00,0.00
Cody Schrader,RB,SF,0.00,0.00,0.00,0.00,0.00,33.00,146.00,1.00,2.00,27.00,0.00,0.00,0.00
Hunter Luepke,RB,DAL,0.00,0.00,0.00,0.00,0.00,9.60,33.00,2.10,6.30,43.10,0.10,0.00,0.00
Nick Bawden,RB,NYJ,0.00,0.00,0.00,0.00,0.00,6.00,17.00,3.00,3.00,24.00,0.00,0.00,0.00
Isaac Guerendo,RB,SF,0.00,0.00,0.00,0.00,0.00,29.90,131.10,1.00,2.80,27.00,0.10,0.10,0.00
Kevin Harris,RB,NE,0.00,0.00,0.00,0.00,0.00,22.60,94.70,0.50,7.90,57.60,0.20,0.10,0.00
Royce Freeman,RB,DAL,0.00,0.00,0.00,0.00,0.00,27.80,116.20,0.80,4.40,30.70,0.10,0.10,0.00
Israel Abanikanda,RB,NYJ,0.00,0.00,0.00,0.00,0.00,25.00,107.00,0.80,4.10,29.00,0.20,0.10,0.00
Dylan Laube,RB,LV,0.00,0.00,0.00,0.00,0.00,15.00,61.50,0.30,8.50,60.10,0.30,0.10,0.00
Keaontay Ingram,RB,KC,0.00,0.00,0.00,0.00,0.00,21.70,89.70,0.60,4.40,30.10,0.20,0.10,0.00
Jeff Wilson Jr.,RB,MIA,0.00,0.00,0.00,0.00,0.00,20.30,98.30,0.70,3.30,25.20,0.10,0.00,0.00
Alec Ingold,RB,MIA,0.00,0.00,0.00,0.00,0.00,0.00,0.00,0.00,13.10,95.10,0.40,0.10,0.00
Zander Horvath,RB,NO,0.00,0.00,0.00,0.00,0.00,7.00,17.00,0.00,3.00,8.00,2.00,0.00,0.00
Chris Evans,RB,CIN,0.00,0.00,0.00,0.00,0.00,13.60,58.30,0.50,4.50,30.90,0.20,0.10,0.00
Myles Gaskin,RB,MIN,0.00,0.00,0.00,0.00,0.00,21.60,85.60,0.50,2.10,14.20,0.10,0.10,0.00
Sean Tucker,RB,TB,0.00,0.00,0.00,0.00,0.00,11.00,46.80,0.30,4.20,29.50,0.20,0.10,0.00
Rashaad Penny,RB,CAR,0.00,0.00,0.00,0.00,0.00,11.90,59.30,0.40,2.00,14.10,0.10,0.10,0.00
Darrynton Evans,RB,BUF,0.00,0.00,0.00,0.00,0.00,7.90,32.80,0.30,4.00,29.00,0.20,0.00,0.00
Michael Burton,RB,DEN,0.00,0.00,0.00,0.00,0.00,7.70,31.90,0.20,4.30,28.80,0.20,0.10,0.00
Dante Miller,RB,NYG,0.00,0.00,0.00,0.00,0.00,7.10,29.30,0.20,4.20,28.20,0.20,0.10,0.00
Deneric Prince,RB,KC,0.00,0.00,0.00,0.00,0.00,10.90,45.10,0.40,2.20,15.30,0.10,0.10,0.00
JaMycal Hasty,RB,NE,0.00,0.00,0.00,0.00,0.00,7.50,31.90,0.20,3.80,25.60,0.10,0.10,0.00
Kene Nwangwu,RB,MIN,0.00,0.00,0.00,0.00,0.00,10.80,45.60,0.30,2.10,14.50,0.10,0.10,0.00
Kimani Vidal,RB,LAC,0.00,0.00,0.00,0.00,0.00,12.50,51.80,0.20,2.00,13.70,0.10,0.10,0.00
Avery Williams,RB,ATL,0.00,0.00,0.00,0.00,0.00,4.00,17.40,0.20,4.40,29.70,0.20,0.00,0.00
Adam Prentice,RB,NO,0.00,0.00,0.00,0.00,0.00,4.30,18.60,0.10,4.40,31.60,0.20,0.00,0.00
Travis Homer,RB,CHI,0.00,0.00,0.00,0.00,0.00,3.90,17.30,0.10,4.10,29.10,0.10,0.00,0.00
CeeDee Lamb,WR,DAL,0.00,0.00,0.00,0.00,0.00,12.30,84.40,0.90,118.40,1528.00,9.40,1.10,0.00
Tyreek Hill,WR,MIA,0.00,0.00,0.00,0.00,0.00,5.10,24.40,0.10,106.70,1483.90,9.30,0.90,0.00
Amon-Ra St. Brown,WR,DET,0.00,0.00,0.00,0.00,0.00,4.80,31.70,0.10,110.80,1337.40,8.70,0.90,0.00
Justin Jefferson,WR,MIN,0.00,0.00,0.00,0.00,0.00,2.50,3.70,0.10,105.80,1467.10,7.00,1.00,0.00
Ja'Marr Chase,WR,CIN,0.00,0.00,0.00,0.00,0.00,3.80,11.10,0.10,102.80,1327.90,9.20,0.50,0.00
Puka Nacua,WR,LAR,0.00,0.00,0.00,0.00,0.00,11.70,75.50,0.30,94.40,1344.40,6.50,0.50,0.00
A.J. Brown,WR,PHI,0.00,0.00,0.00,0.00,0.00,0.00,0.50,0.00,90.90,1312.10,8.50,1.50,0.00
Garrett Wilson,WR,NYJ,0.00,0.00,0.00,0.00,0.00,4.20,12.30,0.10,90.50,1173.00,8.10,1.50,0.00
Davante Adams,WR,LV,0.00,0.00,0.00,0.00,0.00,0.00,0.00,0.00,94.60,1194.80,7.10,0.30,0.00
Mike Evans,WR,TB,0.00,0.00,0.00,0.00,0.00,0.00,0.50,0.00,73.50,1126.10,9.20,0.20,0.00
Chris Olave,WR,NO,0.00,0.00,0.00,0.00,0.00,0.00,0.00,0.00,87.30,1221.20,6.50,0.30,0.00
Marvin Harrison Jr.,WR,ARI,0.00,0.00,0.00,0.00,0.00,1.00,5.50,0.00,88.30,1209.10,6.80,1.70,0.00
Nico Collins,WR,HOU,0.00,0.00,0.00,0.00,0.00,1.00,4.00,0.00,76.30,1143.20,8.30,0.30,0.00
Deebo Samuel Sr.,WR,SF,0.00,0.00,0.00,0.00,0.00,35.90,193.80,3.40,64.10,954.80,5.80,0.90,0.00
DJ Moore,WR,CHI,0.00,0.00,0.00,0.00,0.00,3.00,17.30,0.50,77.60,1081.20,7.90,0.80,0.00
DK Metcalf,WR,SEA,0.00,0.00,0.00,0.00,0.00,0.00,0.50,0.00,68.70,1052.30,9.10,0.30,0.00
Tee Higgins,WR,CIN,0.00,0.00,0.00,0.00,0.00,0.00,0.00,0.00,70.90,1059.90,8.60,0.30,0.00
Brandon Aiyuk,WR,SF,0.00,0.00,0.00,0.00,0.00,0.50,2.00,0.00,72.50,1134.90,7.40,0.80,0.00
Drake London,WR,ATL,0.00,0.00,0.00,0.00,0.00,0.00,0.00,0.00,84.40,1123.40,6.40,0.90,0.00
Stefon Diggs,WR,HOU,0.00,0.00,0.00,0.00,0.00,1.50,7.90,0.00,87.70,1081.50,6.40,1.00,0.00
DeVonta Smith,WR,PHI,0.00,0.00,0.00,0.00,0.00,0.00,0.00,0.00,80.30,1064.30,7.20,0.90,0.00
Cooper Kupp,WR,LAR,0.00,0.00,0.00,0.00,0.00,2.50,11.00,0.10,81.70,1021.90,6.80,0.30,0.00
Amari Cooper,WR,CLE,0.00,0.00,0.00,0.00,0.00,0.00,0.00,0.00,71.70,1118.60,6.20,0.90,0.00
Zay Flowers,WR,BAL,0.00,0.00,0.00,0.00,0.00,9.00,53.70,0.80,78.70,967.10,6.30,0.90,0.00
Hollywood Brown,WR,KC,0.00,0.00,0.00,0.00,0.00,2.10,16.20,0.00,70.10,928.80,8.70,0.20,0.00
Michael Pittman Jr.,WR,IND,0.00,0.00,0.00,0.00,0.00,0.50,5.00,0.00,97.40,1080.60,4.40,1.00,0.00
Jaylen Waddle,WR,MIA,0.00,0.00,0.00,0.00,0.00,4.10,23.40,0.10,78.60,1077.80,5.30,0.30,0.00
Tank Dell,WR,HOU,0.00,0.00,0.00,0.00,0.00,15.00,77.10,0.30,66.50,920.10,7.90,0.50,0.00
Calvin Ridley,WR,TEN,0.00,0.00,0.00,0.00,0.00,5.70,19.50,0.10,68.00,955.20,7.90,0.30,0.00
Chris Godwin,WR,TB,0.00,0.00,0.00,0.00,0.00,3.50,25.80,0.60,79.60,949.60,5.20,0.30,0.00
DeAndre Hopkins,WR,TEN,0.00,0.00,0.00,0.00,0.00,0.50,3.00,0.00,69.30,942.70,6.90,0.30,0.00
George Pickens,WR,PIT,0.00,0.00,0.00,0.00,0.00,3.80,27.80,0.10,61.40,1024.80,5.70,0.90,0.00
Terry McLaurin,WR,WAS,0.00,0.00,0.00,0.00,0.00,0.50,2.50,0.00,75.50,1029.40,4.70,0.20,0.00
Malik Nabers,WR,NYG,0.00,0.00,0.00,0.00,0.00,1.00,5.00,0.00,73.30,1001.80,5.20,1.20,0.00
Keenan Allen,WR,CHI,0.00,0.00,0.00,0.00,0.00,2.00,9.70,0.00,82.20,908.30,5.40,0.90,0.00
Christian Watson,WR,GB,0.00,0.00,0.00,0.00,0.00,6.20,33.00,0.70,51.30,784.60,8.80,0.30,0.00
Jayden Reed,WR,GB,0.00,0.00,0.00,0.00,0.00,11.30,96.60,1.80,60.10,744.70,6.50,0.40,0.00
Diontae Johnson,WR,CAR,0.00,0.00,0.00,0.00,0.00,2.10,11.50,0.00,66.60,867.70,7.00,0.40,0.00
Jordan Addison,WR,MIN,0.00,0.00,0.00,0.00,0.00,0.50,1.00,0.00,67.30,856.40,7.20,0.30,0.00
Christian Kirk,WR,JAC,0.00,0.00,0.00,0.00,0.00,2.00,11.00,0.00,77.20,941.80,5.10,1.50,0.00
Courtland Sutton,WR,DEN,0.00,0.00,0.00,0.00,0.00,0.00,0.50,0.00,65.90,865.40,7.50,1.40,0.00
Tyler Lockett,WR,SEA,0.00,0.00,0.00,0.00,0.00,0.00,0.50,0.00,73.30,843.80,5.70,0.30,0.00
Mike Williams,WR,NYJ,0.00,0.00,0.00,0.00,0.00,1.00,2.50,0.00,62.90,857.70,5.60,0.20,0.00
Xavier Worthy,WR,KC,0.00,0.00,0.00,0.00,0.00,3.90,23.10,0.10,56.60,846.90,6.10,1.20,0.00
Ladd McConkey,WR,LAC,0.00,0.00,0.00,0.00,0.00,2.10,11.40,0.00,67.20,872.80,4.90,1.20,0.00
Jakobi Meyers,WR,LV,0.00,0.00,0.00,0.00,0.00,3.60,20.60,0.60,67.00,749.90,5.10,0.30,0.00
Jerry Jeudy,WR,CLE,0.00,0.00,0.00,0.00,0.00,0.50,3.50,0.00,61.30,899.80,4.00,0.30,0.00
Jaxon Smith-Njigba,WR,SEA,0.00,0.00,0.00,0.00,0.00,0.00,0.00,0.00,71.60,770.90,5.20,0.30,0.00
Rashid Shaheed,WR,NO,0.00,0.00,0.00,0.00,0.00,5.60,35.20,0.10,54.20,808.80,5.60,0.80,0.00
Brian Thomas Jr.,WR,JAC,0.00,0.00,0.00,0.00,0.00,1.00,4.50,0.00,61.60,849.30,4.90,1.20,0.00
Rashee Rice,WR,KC,0.00,0.00,0.00,0.00,0.00,1.90,6.00,0.00,63.00,748.30,5.90,0.90,0.00
Rome Odunze,WR,CHI,0.00,0.00,0.00,0.00,0.00,2.00,11.50,0.10,57.80,804.00,5.30,1.20,0.00
Keon Coleman,WR,BUF,0.00,0.00,0.00,0.00,0.00,1.00,6.50,0.00,59.70,816.40,5.00,1.20,0.00
Romeo Doubs,WR,GB,0.00,0.00,0.00,0.00,0.00,0.00,0.50,0.00,55.70,710.40,6.70,0.30,0.00
Brandin Cooks,WR,DAL,0.00,0.00,0.00,0.00,0.00,4.60,30.20,0.10,58.60,696.00,5.80,0.20,0.00
Gabe Davis,WR,JAC,0.00,0.00,0.00,0.00,0.00,0.50,0.00,0.00,46.70,731.60,6.70,0.80,0.00
Adam Thielen,WR,CAR,0.00,0.00,0.00,0.00,0.00,0.50,2.50,0.00,70.90,701.70,4.80,0.40,0.00
Kendrick Bourne,WR,NE,0.00,0.00,0.00,0.00,0.00,3.50,25.70,0.00,58.50,694.60,5.30,0.80,0.00
Jameson Williams,WR,DET,0.00,0.00,0.00,0.00,0.00,4.30,51.90,1.20,47.00,688.30,4.60,0.30,0.00
Curtis Samuel,WR,BUF,0.00,0.00,0.00,0.00,0.00,14.30,73.50,1.00,58.40,609.60,4.70,0.20,0.00
DeMario Douglas,WR,NE,0.00,0.00,0.00,0.00,0.00,10.50,57.80,0.20,61.00,764.90,3.10,0.90,0.00
Khalil Shakir,WR,BUF,0.00,0.00,0.00,0.00,0.00,0.50,4.00,0.00,56.50,735.10,4.20,0.30,0.00
Darnell Mooney,WR,ATL,0.00,0.00,0.00,0.00,0.00,3.10,16.40,0.10,48.00,709.20,4.30,0.30,0.00
Wan'Dale Robinson,WR,NYG,0.00,0.00,0.00,0.00,0.00,7.80,64.60,0.70,66.70,624.50,2.70,0.30,0.00
Demarcus Robinson,WR,LAR,0.00,0.00,0.00,0.00,0.00,0.50,10.00,0.00,50.50,639.00,4.70,0.80,0.00
Joshua Palmer,WR,LAC,0.00,0.00,0.00,0.00,0.00,0.50,3.50,0.00,52.00,672.30,3.40,0.80,0.00
Darius Slayton,WR,NYG,0.00,0.00,0.00,0.00,0.00,0.00,0.00,0.00,45.80,677.80,3.70,0.20,0.00
Adonai Mitchell,WR,IND,0.00,0.00,0.00,0.00,0.00,1.00,5.50,0.00,47.20,687.20,3.60,1.10,0.00
DJ Chark Jr.,WR,LAC,0.00,0.00,0.00,0.00,0.00,0.00,0.00,0.00,37.70,568.70,6.30,0.70,0.00
Jahan Dotson,WR,WAS,0.00,0.00,0.00,0.00,0.00,0.00,0.00,0.00,48.90,587.60,4.90,0.20,0.00
Marvin Mims Jr.,WR,DEN,0.00,0.00,0.00,0.00,0.00,7.70,44.40,0.30,48.80,644.50,2.70,0.60,0.00
Xavier Legette,WR,CAR,0.00,0.00,0.00,0.00,0.00,4.20,24.50,0.20,47.80,649.80,3.30,1.20,0.00
Michael Wilson,WR,ARI,0.00,0.00,0.00,0.00,0.00,0.00,0.00,0.00,47.90,628.60,3.90,0.30,0.00
Josh Downs,WR,IND,0.00,0.00,0.00,0.00,0.00,0.00,0.00,0.00,56.40,651.10,2.70,0.20,0.00
Quentin Johnston,WR,LAC,0.00,0.00,0.00,0.00,0.00,2.60,10.70,0.00,46.90,607.00,3.90,0.30,0.00
Jermaine Burton,WR,CIN,0.00,0.00,0.00,0.00,0.00,1.00,3.50,0.00,46.90,609.40,3.80,0.60,0.00
Rashod Bateman,WR,BAL,0.00,0.00,0.00,0.00,0.00,0.50,7.00,0.00,46.30,615.80,3.30,0.20,0.00
Zay Jones,WR,ARI,0.00,0.00,0.00,0.00,0.00,0.50,2.50,0.00,51.60,536.90,3.60,0.20,0.00
Jalen Tolbert,WR,DAL,0.00,0.00,0.00,0.00,0.00,0.00,0.00,0.00,43.20,573.40,3.50,0.50,0.00
Odell Beckham Jr.,WR,MIA,0.00,0.00,0.00,0.00,0.00,0.00,1.00,0.00,39.00,571.40,3.70,0.70,0.00
Ja'Lynn Polk,WR,NE,0.00,0.00,0.00,0.00,0.00,1.00,4.50,0.00,47.00,582.30,2.40,0.70,0.00
Rondale Moore,WR,ATL,0.00,0.00,0.00,0.00,0.00,16.70,93.80,0.70,42.50,443.10,2.80,0.30,0.00
Tim Patrick,WR,DEN,0.00,0.00,0.00,0.00,0.00,0.00,0.00,0.00,37.30,491.30,4.50,0.10,0.00
Dontayvion Wicks,WR,GB,0.00,0.00,0.00,0.00,0.00,0.50,0.50,0.00,36.90,502.30,4.50,0.70,0.00
Elijah Moore,WR,CLE,0.00,0.00,0.00,0.00,0.00,6.10,19.90,0.10,44.70,547.10,2.80,1.20,0.00
Tyler Boyd,WR,TEN,0.00,0.00,0.00,0.00,0.00,1.90,11.00,0.00,50.80,548.10,2.10,0.20,0.00
Noah Brown,WR,HOU,0.00,0.00,0.00,0.00,0.00,0.50,0.00,0.00,34.70,557.50,2.80,0.10,0.00
Robert Woods,WR,HOU,0.00,0.00,0.00,0.00,0.00,2.00,11.00,0.00,43.00,482.00,3.00,0.00,0.00
Jalin Hyatt,WR,NYG,0.00,0.00,0.00,0.00,0.00,0.00,0.00,0.00,38.50,550.30,2.30,0.30,0.00
Malachi Corley,WR,NYJ,0.00,0.00,0.00,0.00,0.00,8.80,53.80,0.40,38.90,438.00,2.80,0.30,0.00
Trey Palmer,WR,TB,0.00,0.00,0.00,0.00,0.00,3.90,24.50,0.20,38.20,486.90,2.90,0.50,0.00
Brandon Johnson,WR,DEN,0.00,0.00,0.00,0.00,0.00,0.00,0.00,0.00,27.00,375.00,6.00,0.00,0.00
Roman Wilson,WR,PIT,0.00,0.00,0.00,0.00,0.00,1.00,5.50,0.00,40.10,531.60,2.50,1.10,0.00
Marquez Callaway,WR,PIT,0.00,0.00,0.00,0.00,0.00,0.00,0.00,0.00,36.00,470.00,3.00,0.00,0.00
Josh Reynolds,WR,DEN,0.00,0.00,0.00,0.00,0.00,0.00,0.00,0.00,32.10,430.50,3.60,0.60,0.00
Jalen McMillan,WR,TB,0.00,0.00,0.00,0.00,0.00,0.00,0.00,0.00,36.20,441.50,2.80,0.20,0.00
Luke McCaffrey,WR,WAS,0.00,0.00,0.00,0.00,0.00,0.00,0.00,0.00,38.30,459.20,2.00,0.20,0.00
Ricky Pearsall,WR,SF,0.00,0.00,0.00,0.00,0.00,3.40,20.50,0.10,29.90,440.00,2.80,1.10,0.00
KaVontae Turpin,WR,DAL,0.00,0.00,0.00,0.00,0.00,10.70,92.80,0.70,22.70,260.70,3.80,0.60,0.00
A.T. Perry,WR,NO,0.00,0.00,0.00,0.00,0.00,0.50,1.50,0.00,23.80,375.50,3.70,0.00,0.00
Jonathan Mingo,WR,CAR,0.00,0.00,0.00,0.00,0.00,0.00,0.00,0.00,35.90,413.20,1.70,0.10,0.00
Greg Dortch,WR,ARI,0.00,0.00,0.00,0.00,0.00,3.50,22.80,0.10,31.70,343.40,2.40,0.10,0.00
Troy Franklin,WR,DEN,0.00,0.00,0.00,0.00,0.00,1.00,5.00,0.00,30.70,392.20,2.10,0.60,0.00
Kalif Raymond,WR,DET,0.00,0.00,0.00,0.00,0.00,4.50,30.10,0.20,32.40,359.50,1.80,0.40,0.00
Nelson Agholor,WR,BAL,0.00,0.00,0.00,0.00,0.00,0.00,0.00,0.00,28.90,367.80,2.60,0.30,0.00
Van Jefferson,WR,PIT,0.00,0.00,0.00,0.00,0.00,0.00,0.00,0.00,27.60,402.60,2.00,0.30,0.00
Cedrick Wilson Jr.,WR,NO,0.00,0.00,0.00,0.00,0.00,0.50,1.50,0.00,24.10,305.30,3.10,0.10,0.00
Trenton Irwin,WR,CIN,0.00,0.00,0.00,0.00,0.00,0.00,1.00,0.00,25.90,332.60,2.10,0.10,0.00
Alec Pierce,WR,IND,0.00,0.00,0.00,0.00,0.00,0.00,0.00,0.00,19.90,319.10,1.90,0.10,0.00
Michael Gallup,WR,LV,0.00,0.00,0.00,0.00,0.00,0.00,0.00,0.00,27.20,326.20,1.20,0.20,0.00
Jamison Crowder,WR,WAS,0.00,0.00,0.00,0.00,0.00,0.00,0.00,0.00,29.90,291.90,1.10,0.30,0.00
Andrei Iosivas,WR,CIN,0.00,0.00,0.00,0.00,0.00,0.00,0.00,0.00,22.90,253.60,2.00,0.30,0.00
Tutu Atwell,WR,LAR,0.00,0.00,0.00,0.00,0.00,2.10,12.20,0.10,20.00,268.60,1.40,0.20,0.00
Calvin Austin III,WR,PIT,0.00,0.00,0.00,0.00,0.00,9.00,53.80,0.40,18.00,236.60,0.90,0.30,0.00
Devontez Walker,WR,BAL,0.00,0.00,0.00,0.00,0.00,0.00,0.00,0.00,18.80,228.20,1.60,0.10,0.00
KhaDarel Hodge,WR,ATL,0.00,0.00,0.00,0.00,0.00,0.00,0.00,0.00,17.60,230.60,1.50,0.20,0.00
Treylon Burks,WR,TEN,0.00,0.00,0.00,0.00,0.00,3.50,21.10,0.10,17.40,237.20,0.80,0.20,0.00
Justin Watson,WR,KC,0.00,0.00,0.00,0.00,0.00,0.00,0.00,0.00,15.20,218.50,1.70,0.20,0.00
Bub Means,WR,NO,0.00,0.00,0.00,0.00,0.00,0.00,0.00,0.00,18.10,217.90,1.50,0.10,0.00
Brandon Powell,WR,MIN,0.00,0.00,0.00,0.00,0.00,3.90,21.10,0.10,18.80,190.80,1.10,0.30,0.00
Jake Bobo,WR,SEA,0.00,0.00,0.00,0.00,0.00,8.40,51.10,0.50,14.70,158.50,1.00,0.20,0.00
Tre Tucker,WR,LV,0.00,0.00,0.00,0.00,0.00,12.00,76.90,0.50,13.40,163.70,0.70,0.30,0.00
Xavier Gipson,WR,NYJ,0.00,0.00,0.00,0.00,0.00,4.40,28.40,0.30,13.70,167.50,1.40,0.20,0.00
Jauan Jennings,WR,SF,0.00,0.00,0.00,0.00,0.00,0.00,0.00,0.00,15.50,195.50,1.20,0.20,0.00
Marquez Valdes-Scantling,WR,BUF,0.00,0.00,0.00,0.00,0.00,0.00,0.00,0.00,11.80,193.30,1.10,0.10,0.00
Derius Davis,WR,LAC,0.00,0.00,0.00,0.00,0.00,13.40,85.90,0.30,10.80,111.10,0.80,0.20,0.00
Parris Campbell,WR,PHI,0.00,0.00,0.00,0.00,0.00,0.00,0.00,0.00,17.10,169.10,0.90,0.20,0.00
Cedric Tillman,WR,CLE,0.00,0.00,0.00,0.00,0.00,0.00,0.00,0.00,12.30,155.80,1.00,0.10,0.00
Ryan Flournoy,WR,DAL,0.00,0.00,0.00,0.00,0.00,0.00,0.00,0.00,11.20,133.70,1.00,0.10,0.00
Jason Brownlee,WR,NYJ,0.00,0.00,0.00,0.00,0.00,0.00,0.00,0.00,10.80,125.50,1.10,0.10,0.00
Allen Robinson II,WR,NYG,0.00,0.00,0.00,0.00,0.00,0.00,0.00,0.00,15.20,124.10,0.70,0.10,0.00
Malik Washington,WR,MIA,0.00,0.00,0.00,0.00,0.00,2.10,12.50,0.10,10.40,124.40,0.70,0.10,0.00
JuJu Smith-Schuster,WR,NE,0.00,0.00,0.00,0.00,0.00,0.00,0.00,0.00,14.50,131.90,0.50,0.20,0.00
Bo Melton,WR,GB,0.00,0.00,0.00,0.00,0.00,2.10,13.00,0.10,9.80,114.30,0.80,0.10,0.00
Devin Duvernay,WR,JAC,0.00,0.00,0.00,0.00,0.00,2.00,13.10,0.10,11.60,111.10,0.70,0.10,0.00
Tyler Johnson,WR,LAR,0.00,0.00,0.00,0.00,0.00,0.00,0.00,0.00,10.70,125.00,0.70,0.10,0.00
Trent Sherfield Sr.,WR,MIN,0.00,0.00,0.00,0.00,0.00,0.00,0.00,0.00,9.70,126.90,0.80,0.10,0.00
Ray-Ray McCloud III,WR,ATL,0.00,0.00,0.00,0.00,0.00,0.00,0.00,0.00,11.60,115.10,0.80,0.10,0.00
David Moore,WR,CAR,0.00,0.00,0.00,0.00,0.00,0.00,0.00,0.00,10.50,122.30,0.60,0.10,0.00
Skyy Moore,WR,KC,0.00,0.00,0.00,0.00,0.00,0.00,0.00,0.00,8.90,111.40,0.90,0.10,0.00
Ainias Smith,WR,PHI,0.00,0.00,0.00,0.00,0.00,0.00,0.00,0.00,9.80,115.50,0.70,0.10,0.00
Dyami Brown,WR,WAS,0.00,0.00,0.00,0.00,0.00,0.00,0.00,0.00,8.50,126.10,0.60,0.10,0.00
Javon Baker,WR,NE,0.00,0.00,0.00,0.00,0.00,0.00,0.00,0.00,10.00,115.30,0.60,0.10,0.00
K.J. Osborn,WR,NE,0.00,0.00,0.00,0.00,0.00,0.00,0.00,0.00,10.10,106.50,0.60,0.10,0.00
Donovan Peoples-Jones,WR,DET,0.00,0.00,0.00,0.00,0.00,0.00,0.00,0.00,8.30,105.00,0.60,0.10,0.00
Kadarius Toney,WR,KC,0.00,0.00,0.00,0.00,0.00,7.70,41.50,0.40,5.60,54.80,0.50,0.10,0.00
Laviska Shenault Jr.,WR,SEA,0.00,0.00,0.00,0.00,0.00,4.20,22.40,0.20,7.80,77.50,0.40,0.10,0.00
Jordan Whittington,WR,LAR,0.00,0.00,0.00,0.00,0.00,0.00,0.00,0.00,7.00,85.40,0.50,0.00,0.00
Mack Hollins,WR,BUF,0.00,0.00,0.00,0.00,0.00,0.00,0.00,0.00,6.50,79.50,0.60,0.10,0.00
Johnny Wilson,WR,PHI,0.00,0.00,0.00,0.00,0.00,0.00,0.00,0.00,6.50,75.80,0.50,0.00,0.00
Tyler Scott,WR,CHI,0.00,0.00,0.00,0.00,0.00,4.20,25.80,0.20,4.70,54.80,0.40,0.10,0.00
Quez Watkins,WR,PIT,0.00,0.00,0.00,0.00,0.00,0.00,0.00,0.00,6.40,76.10,0.40,0.10,0.00
Jalen Nailor,WR,MIN,0.00,0.00,0.00,0.00,0.00,0.00,0.00,0.00,6.00,73.20,0.30,0.10,0.00
David Bell,WR,CLE,0.00,0.00,0.00,0.00,0.00,0.00,0.00,0.00,6.70,70.40,0.30,0.10,0.00
Anthony Gould,WR,IND,0.00,0.00,0.00,0.00,0.00,0.00,0.00,0.00,6.20,70.00,0.30,0.00,0.00
Isaiah McKenzie,WR,NYG,0.00,0.00,0.00,0.00,0.00,7.60,40.60,0.30,4.00,31.80,0.20,0.10,0.00
John Metchie III,WR,HOU,0.00,0.00,0.00,0.00,0.00,0.00,0.00,0.00,4.90,61.00,0.40,0.10,0.00
Rakim Jarrett,WR,TB,0.00,0.00,0.00,0.00,0.00,0.00,0.00,0.00,5.10,60.80,0.40,0.10,0.00
Nick Westbrook-Ikhine,WR,TEN,0.00,0.00,0.00,0.00,0.00,0.00,0.00,0.00,5.00,61.20,0.40,0.10,0.00
Ihmir Smith-Marsette,WR,CAR,0.00,0.00,0.00,0.00,0.00,4.20,28.30,0.30,3.20,37.60,0.20,0.10,0.00
Braxton Berrios,WR,MIA,0.00,0.00,0.00,0.00,0.00,0.00,0.00,0.00,5.70,53.80,0.30,0.10,0.00
Jalen Brooks,WR,DAL,0.00,0.00,0.00,0.00,0.00,0.00,0.00,0.00,3.80,42.80,0.30,0.00,0.00
Jalen Reagor,WR,NE,0.00,0.00,0.00,0.00,0.00,2.00,12.00,0.10,2.70,39.20,0.20,0.10,0.00
Casey Washington,WR,ATL,0.00,0.00,0.00,0.00,0.00,0.00,0.00,0.00,3.60,41.20,0.30,0.00,0.00
Charlie Jones,WR,CIN,0.00,0.00,0.00,0.00,0.00,0.00,0.00,0.00,3.80,41.20,0.30,0.00,0.00
Dee Eskridge,WR,SEA,0.00,0.00,0.00,0.00,0.00,0.00,0.00,0.00,3.10,38.70,0.20,0.00,0.00
Deonte Harty,WR,BAL,0.00,0.00,0.00,0.00,0.00,0.00,0.00,0.00,3.20,37.30,0.20,0.00,0.00
Travis Kelce,TE,KC,0.00,0.00,0.00,0.00,0.00,0.00,0.00,0.00,92.60,998.90,7.50,0.70,0.00
Mark Andrews,TE,BAL,0.00,0.00,0.00,0.00,0.00,0.00,0.00,0.00,71.30,861.20,9.10,0.30,0.00
Sam LaPorta,TE,DET,0.00,0.00,0.00,0.00,0.00,0.00,0.00,0.00,84.00,852.20,7.80,0.10,0.00
George Kittle,TE,SF,0.00,0.00,0.00,0.00,0.00,0.00,0.00,0.00,61.90,880.80,5.80,0.20,0.00
David Njoku,TE,CLE,0.00,0.00,0.00,0.00,0.00,0.00,0.00,0.00,69.90,820.70,6.30,1.30,0.00
Trey McBride,TE,ARI,0.00,0.00,0.00,0.00,0.00,0.00,0.00,0.00,83.00,848.00,4.20,0.30,0.00
Evan Engram,TE,JAC,0.00,0.00,0.00,0.00,0.00,0.00,0.00,0.00,89.40,801.80,4.00,0.90,0.00
Kyle Pitts,TE,ATL,0.00,0.00,0.00,0.00,0.00,0.00,0.00,0.00,62.10,855.20,4.60,0.10,0.00
Jake Ferguson,TE,DAL,0.00,0.00,0.00,0.00,0.00,0.00,0.00,0.00,68.20,720.00,6.20,0.10,0.00
Dalton Kincaid,TE,BUF,0.00,0.00,0.00,0.00,0.00,0.00,0.00,0.00,76.40,748.40,4.50,0.70,0.00
T.J. Hockenson,TE,MIN,0.00,0.00,0.00,0.00,0.00,0.00,0.00,0.00,74.20,749.70,4.00,0.70,0.00
Dallas Goedert,TE,PHI,0.00,0.00,0.00,0.00,0.00,0.00,0.00,0.00,64.90,701.60,4.50,0.20,0.00
Cole Kmet,TE,CHI,0.00,0.00,0.00,0.00,0.00,0.00,0.00,0.00,63.90,616.40,5.40,0.20,0.00
Dalton Schultz,TE,HOU,0.00,0.00,0.00,0.00,0.00,0.00,0.00,0.00,55.60,596.70,5.10,0.70,0.00
Brock Bowers,TE,LV,0.00,0.00,0.00,0.00,0.00,0.00,0.00,0.00,56.90,650.90,3.90,1.20,0.00
Pat Freiermuth,TE,PIT,0.00,0.00,0.00,0.00,0.00,0.00,0.00,0.00,52.40,563.90,4.40,0.20,0.00
Tyler Conklin,TE,NYJ,0.00,0.00,0.00,0.00,0.00,0.00,0.00,0.00,55.80,568.80,3.40,0.20,0.00
Hunter Henry,TE,NE,0.00,0.00,0.00,0.00,0.00,0.00,0.00,0.00,44.00,452.00,5.40,0.10,0.00
Juwan Johnson,TE,NO,0.00,0.00,0.00,0.00,0.00,0.00,0.00,0.00,44.00,470.10,5.00,0.10,0.00
Cade Otton,TE,TB,0.00,0.00,0.00,0.00,0.00,0.00,0.00,0.00,45.60,477.10,3.70,0.60,0.00
Chigoziem Okonkwo,TE,TEN,0.00,0.00,0.00,0.00,0.00,0.00,0.00,0.00,48.70,517.70,2.60,0.10,0.00
Isaiah Likely,TE,BAL,0.00,0.00,0.00,0.00,0.00,0.00,0.00,0.00,32.30,420.10,5.10,0.10,0.00
Luke Musgrave,TE,GB,0.00,0.00,0.00,0.00,0.00,0.00,0.00,0.00,46.10,470.90,3.00,0.10,0.00
Jonnu Smith,TE,MIA,0.00,0.00,0.00,0.00,0.00,0.00,0.00,0.00,38.30,447.30,3.20,0.60,0.00
Tyler Higbee,TE,LAR,0.00,0.00,0.00,0.00,0.00,0.00,0.00,0.00,42.20,430.40,2.30,0.10,0.00
Hayden Hurst,TE,LAC,0.00,0.00,0.00,0.00,0.00,0.00,0.00,0.00,39.20,393.90,3.10,0.20,0.00
Ben Sinnott,TE,WAS,0.00,0.00,0.00,0.00,0.00,0.00,0.00,0.00,38.70,410.40,2.90,0.60,0.00
Noah Fant,TE,SEA,0.00,0.00,0.00,0.00,0.00,0.00,0.00,0.00,41.10,434.40,2.00,0.10,0.00
Dawson Knox,TE,BUF,0.00,0.00,0.00,0.00,0.00,0.00,0.00,0.00,29.90,319.10,4.20,0.10,0.00
Mike Gesicki,TE,CIN,0.00,0.00,0.00,0.00,0.00,0.00,0.00,0.00,33.00,333.10,3.70,0.10,0.00
Tucker Kraft,TE,GB,0.00,0.00,0.00,0.00,0.00,0.00,0.00,0.00,36.00,371.20,2.80,0.10,0.00
Greg Dulcich,TE,DEN,0.00,0.00,0.00,0.00,0.00,0.00,0.00,0.00,32.00,401.20,1.70,0.10,0.00
Michael Mayer,TE,LV,0.00,0.00,0.00,0.00,0.00,0.00,0.00,0.00,32.60,361.90,2.10,0.10,0.00
Gerald Everett,TE,CHI,0.00,0.00,0.00,0.00,0.00,0.00,0.00,0.00,33.30,302.50,2.70,0.10,0.00
Zach Ertz,TE,WAS,0.00,0.00,0.00,0.00,0.00,0.00,0.00,0.00,30.10,280.20,2.60,0.10,0.00
Noah Gray,TE,KC,0.00,0.00,0.00,0.00,0.00,0.00,0.00,0.00,28.30,292.70,2.10,0.10,0.00
Tommy Tremble,TE,CAR,0.00,0.00,0.00,0.00,0.00,0.00,0.00,0.00,24.10,226.10,3.50,0.10,0.00
Theo Johnson,TE,NYG,0.00,0.00,0.00,0.00,0.00,0.00,0.00,0.00,31.40,302.60,1.70,0.60,0.00
Jelani Woods,TE,IND,0.00,0.00,0.00,0.00,0.00,0.00,0.00,0.00,24.10,299.50,2.10,0.10,0.00
Taysom Hill,TE,NO,0.00,0.00,0.00,0.00,0.00,0.00,0.00,0.00,29.60,271.50,2.30,0.70,0.00
Daniel Bellinger,TE,NYG,0.00,0.00,0.00,0.00,0.00,0.00,0.00,0.00,32.50,303.50,1.20,0.10,0.00
Brevin Jordan,TE,HOU,0.00,0.00,0.00,0.00,0.00,0.00,0.00,0.00,18.90,264.50,3.00,0.00,0.00
Logan Thomas,TE,SF,0.00,0.00,0.00,0.00,0.00,0.00,0.00,0.00,22.00,260.00,3.00,1.00,0.00
Kylen Granson,TE,IND,0.00,0.00,0.00,0.00,0.00,0.00,0.00,0.00,24.30,286.50,1.60,0.10,0.00
Colby Parkinson,TE,LAR,0.00,0.00,0.00,0.00,0.00,0.00,0.00,0.00,23.50,242.00,2.20,0.10,0.00
Durham Smythe,TE,MIA,0.00,0.00,0.00,0.00,0.00,0.00,0.00,0.00,27.40,264.70,1.40,0.00,0.00
Elijah Higgins,TE,ARI,0.00,0.00,0.00,0.00,0.00,0.00,0.00,0.00,23.30,262.00,1.40,0.10,0.00
Adam Trautman,TE,DEN,0.00,0.00,0.00,0.00,0.00,0.00,0.00,0.00,21.80,210.90,2.20,0.10,0.00
Johnny Mundt,TE,MIN,0.00,0.00,0.00,0.00,0.00,0.00,0.00,0.00,24.00,228.00,1.60,0.10,0.00
Brock Wright,TE,DET,0.00,0.00,0.00,0.00,0.00,0.00,0.00,0.00,21.00,203.10,2.10,0.10,0.00
Josh Oliver,TE,MIN,0.00,0.00,0.00,0.00,0.00,0.00,0.00,0.00,22.80,221.80,1.70,0.60,0.00
Ja'Tavion Sanders,TE,CAR,0.00,0.00,0.00,0.00,0.00,0.00,0.00,0.00,23.10,221.90,1.60,0.60,0.00
Donald Parham Jr.,TE,LAC,0.00,0.00,0.00,0.00,0.00,0.00,0.00,0.00,15.80,167.90,2.70,0.00,0.00
Will Dissly,TE,LAC,0.00,0.00,0.00,0.00,0.00,0.00,0.00,0.00,23.10,213.30,1.20,0.10,0.00
Connor Heyward,TE,PIT,0.00,0.00,0.00,0.00,0.00,0.00,0.00,0.00,22.60,205.10,1.20,0.10,0.00
Austin Hooper,TE,NE,0.00,0.00,0.00,0.00,0.00,0.00,0.00,0.00,21.50,200.60,1.10,0.10,0.00
Mo Alie-Cox,TE,IND,0.00,0.00,0.00,0.00,0.00,0.00,0.00,0.00,11.40,143.70,2.80,0.00,0.00
Tanner Hudson,TE,CIN,0.00,0.00,0.00,0.00,0.00,0.00,0.00,0.00,22.00,197.20,1.00,0.10,0.00
Teagan Quitoriano,TE,HOU,0.00,0.00,0.00,0.00,0.00,0.00,0.00,0.00,11.00,178.00,2.00,0.00,0.00
Jeremy Ruckert,TE,NYJ,0.00,0.00,0.00,0.00,0.00,0.00,0.00,0.00,17.50,171.70,1.40,0.10,0.00
Quintin Morris,TE,BUF,0.00,0.00,0.00,0.00,0.00,0.00,0.00,0.00,11.00,119.00,2.00,0.00,0.00
Stephen Sullivan,TE,CAR,0.00,0.00,0.00,0.00,0.00,0.00,0.00,0.00,15.30,156.70,0.90,0.00,0.00
Foster Moreau,TE,NO,0.00,0.00,0.00,0.00,0.00,0.00,0.00,0.00,13.40,151.10,1.20,0.10,0.00
John Bates,TE,WAS,0.00,0.00,0.00,0.00,0.00,0.00,0.00,0.00,16.00,145.00,1.00,0.00,0.00
Ben Sims,TE,GB,0.00,0.00,0.00,0.00,0.00,0.00,0.00,0.00,11.00,93.00,2.00,0.00,0.00
MyCole Pruitt,TE,PIT,0.00,0.00,0.00,0.00,0.00,0.00,0.00,0.00,9.00,102.00,2.00,0.00,0.00
Ian Thomas,TE,CAR,0.00,0.00,0.00,0.00,0.00,0.00,0.00,0.00,14.20,143.90,0.70,0.00,0.00
Brenton Strange,TE,JAC,0.00,0.00,0.00,0.00,0.00,0.00,0.00,0.00,11.90,109.50,1.40,0.00,0.00
Luke Schoonmaker,TE,DAL,0.00,0.00,0.00,0.00,0.00,0.00,0.00,0.00,12.20,125.40,1.10,0.10,0.00
Jordan Akins,TE,CLE,0.00,0.00,0.00,0.00,0.00,0.00,0.00,0.00,13.10,127.00,1.00,0.10,0.00
Stone Smartt,TE,LAC,0.00,0.00,0.00,0.00,0.00,0.00,0.00,0.00,11.50,137.00,0.90,0.00,0.00
Tanner McLachlan,TE,CIN,0.00,0.00,0.00,0.00,0.00,0.00,0.00,0.00,13.00,124.00,1.00,0.00,0.00
Trey Knox,TE,MIN,0.00,0.00,0.00,0.00,0.00,0.00,0.00,0.00,12.00,125.00,1.00,0.00,0.00
James Mitchell,TE,DET,0.00,0.00,0.00,0.00,0.00,0.00,0.00,0.00,12.00,124.00,1.00,0.00,0.00
Pharaoh Brown,TE,SEA,0.00,0.00,0.00,0.00,0.00,0.00,0.00,0.00,11.70,137.90,0.80,0.10,0.00
Robert Tonyan,TE,MIN,0.00,0.00,0.00,0.00,0.00,0.00,0.00,0.00,12.00,121.00,1.00,0.00,0.00
Luke Farrell,TE,JAC,0.00,0.00,0.00,0.00,0.00,0.00,0.00,0.00,12.10,123.00,0.90,0.00,0.00
Cade Stover,TE,HOU,0.00,0.00,0.00,0.00,0.00,0.00,0.00,0.00,11.00,120.00,1.00,0.00,0.00
Darnell Washington,TE,PIT,0.00,0.00,0.00,0.00,0.00,0.00,0.00,0.00,11.50,116.40,1.00,0.00,0.00
Brayden Willis,TE,SF,0.00,0.00,0.00,0.00,0.00,0.00,0.00,0.00,10.00,121.00,1.00,0.00,0.00
Josh Whyle,TE,TEN,0.00,0.00,0.00,0.00,0.00,0.00,0.00,0.00,12.20,124.30,0.80,0.10,0.00
Davis Allen,TE,LAR,0.00,0.00,0.00,0.00,0.00,0.00,0.00,0.00,11.00,115.00,1.00,0.00,0.00
Armani Rogers,TE,WAS,0.00,0.00,0.00,0.00,0.00,0.00,0.00,0.00,10.00,119.00,1.00,0.00,0.00
Cole Turner,TE,WAS,0.00,0.00,0.00,0.00,0.00,0.00,0.00,0.00,10.00,119.00,1.00,0.00,0.00
Drew Sample,TE,CIN,0.00,0.00,0.00,0.00,0.00,0.00,0.00,0.00,13.30,108.50,0.90,0.00,0.00
Payne Durham,TE,TB,0.00,0.00,0.00,0.00,0.00,0.00,0.00,0.00,11.00,118.50,0.90,0.00,0.00
Travis Vokolek,TE,ARI,0.00,0.00,0.00,0.00,0.00,0.00,0.00,0.00,11.00,102.00,1.00,0.00,0.00
Josiah Deguara,TE,JAC,0.00,0.00,0.00,0.00,0.00,0.00,0.00,0.00,12.00,95.00,1.00,0.00,0.00
Albert Okwuegbunam Jr.,TE,PHI,0.00,0.00,0.00,0.00,0.00,0.00,0.00,0.00,10.00,103.00,1.00,0.00,0.00
Charlie Kolar,TE,BAL,0.00,0.00,0.00,0.00,0.00,0.00,0.00,0.00,9.00,104.00,1.00,0.00,0.00
Cole Fotheringham,TE,LV,0.00,0.00,0.00,0.00,0.00,0.00,0.00,0.00,10.00,99.00,1.00,0.00,0.00
Nick Vannett,TE,TEN,0.00,0.00,0.00,0.00,0.00,0.00,0.00,0.00,9.00,104.00,1.00,0.00,0.00
Eric Saubert,TE,SF,0.00,0.00,0.00,0.00,0.00,0.00,0.00,0.00,10.00,99.00,1.00,0.00,0.00
Erick All Jr.,TE,CIN,0.00,0.00,0.00,0.00,0.00,0.00,0.00,0.00,10.80,103.80,0.80,0.00,0.00
Drew Ogletree,TE,IND,0.00,0.00,0.00,0.00,0.00,0.00,0.00,0.00,10.10,107.30,0.80,0.10,0.00
La'Michael Pettway,TE,NE,0.00,0.00,0.00,0.00,0.00,0.00,0.00,0.00,10.00,91.00,1.00,0.00,0.00
Jaheim Bell,TE,NE,0.00,0.00,0.00,0.00,0.00,0.00,0.00,0.00,10.00,91.00,1.00,0.00,0.00
Ross Dwelley,TE,ATL,0.00,0.00,0.00,0.00,0.00,0.00,0.00,0.00,8.10,105.50,0.80,0.00,0.00
AJ Barner,TE,SEA,0.00,0.00,0.00,0.00,0.00,0.00,0.00,0.00,9.80,97.90,0.70,0.10,0.00
Lucas Krull,TE,DEN,0.00,0.00,0.00,0.00,0.00,0.00,0.00,0.00,8.20,90.80,0.80,0.00,0.00
Peyton Hendershot,TE,DAL,0.00,0.00,0.00,0.00,0.00,0.00,0.00,0.00,8.30,84.50,0.80,0.10,0.00
Cameron Latu,TE,SF,0.00,0.00,0.00,0.00,0.00,0.00,0.00,0.00,7.60,87.40,0.70,0.00,0.00
Jared Wiley,TE,KC,0.00,0.00,0.00,0.00,0.00,0.00,0.00,0.00,8.50,84.20,0.70,0.00,0.00
Irv Smith Jr.,TE,KC,0.00,0.00,0.00,0.00,0.00,0.00,0.00,0.00,8.00,72.10,0.90,0.10,0.00
Ko Kieft,TE,TB,0.00,0.00,0.00,0.00,0.00,0.00,0.00,0.00,7.50,75.90,0.60,0.10,0.00
Hunter Long,TE,LAR,0.00,0.00,0.00,0.00,0.00,0.00,0.00,0.00,6.70,73.00,0.70,0.00,0.00
C.J. Uzomah,TE,PHI,0.00,0.00,0.00,0.00,0.00,0.00,0.00,0.00,7.70,69.30,0.60,0.00,0.00
Giovanni Ricci,TE,CLE,0.00,0.00,0.00,0.00,0.00,0.00,0.00,0.00,7.20,71.80,0.50,0.10,0.00
Tip Reiman,TE,ARI,0.00,0.00,0.00,0.00,0.00,0.00,0.00,0.00,7.60,74.70,0.40,0.10,0.00
Charlie Woerner,TE,ATL,0.00,0.00,0.00,0.00,0.00,0.00,0.00,0.00,3.90,38.10,0.30,0.00,0.00